Website name,Url
What is Machine Learning? A definition - Expert System,https://www.expertsystem.com/machine-learning-definition/
Machine Learning - GeeksforGeeks,https://www.geeksforgeeks.org/machine-learning/
,
,
,
Machine Learning | Coursera,https://www.coursera.org/learn/machine-learning
What is Machine Learning? A definition - Expert System,https://www.expertsystem.com/machine-learning-definition/
What is machine learning (ML)? - Definition from WhatIs.com,https://searchenterpriseai.techtarget.com/definition/machine-learning-ML
Machine learning - Wikipedia,https://en.wikipedia.org/wiki/Machine_learning
Machine Learning: What it is and why it matters | SAS,
